<?xml version="1.0" encoding="UTF-8" standalone="yes"?>
<!--
/*
** Copyright 2006, The Android Open Source Project
**
** Licensed under the Apache License, Version 2.0 (the "License");
** you may not use this file except in compliance with the License.
** You may obtain a copy of the License at
**
**     http://www.apache.org/licenses/LICENSE-2.0
**
** Unless required by applicable law or agreed to in writing, software
** distributed under the License is distributed on an "AS IS" BASIS,
** WITHOUT WARRANTIES OR CONDITIONS OF ANY KIND, either express or implied.
** See the License for the specific language governing permissions and
** limitations under the License.
*/
-->

<!-- use empty string to specify no proxy or port -->
<!-- This version must agree with that in apps/common/res/apns.xml -->
<apns version="8">

  <apn carrier="2Degrees Internet"
      mcc="530"
      mnc="24"
      apn="internet"
      type="default"
  />
  
  <apn carrier="T-mobile/Telekom Germany"
      mcc="262"
      mnc="01"
      apn="internet.t-mobile"
      type="default"
  />
  
  <apn carrier="T-mobile/Telekom Germany"
      mcc="262"
      mnc="06"
      apn="internet.t-mobile"
      type="default"
  />
  
  <apn carrier="Vodafone Spain"
      mcc="214"
      mnc="01"
      apn="ac.vodafone.es"
	  user="vodafone"
	  password="vodafone"
      type="default"
  />
  
  <apn carrier="Vodafone Spain"
      mcc="214"
      mnc="06"
      apn="ac.vodafone.es"
	  user="vodafone"
	  password="vodafone"
      type="default"
  />
  
  <apn carrier="Orange France"
      mcc="208"
      mnc="01"
      apn="orange.fr"
	  user="orange"
	  password="orange"
      type="default"
  />
  
  <apn carrier="Orange France"
      mcc="208"
      mnc="02"
      apn="orange.fr"
	  user="orange"
	  password="orange"
      type="default"
  />
  
  <apn carrier="Orange France"
      mcc="208"
      mnc="29"
      apn="orange.fr"
	  user="orange"
	  password="orange"
      type="default"
  />
  
  <apn carrier="Orange France"
      mcc="208"
      mnc="91"
      apn="orange.fr"
	  user="orange"
	  password="orange"
      type="default"
  />
 
</apns>
