<?xml version="1.0" encoding="utf-8"?>
<Configuration version="1.0">
	<Rules>
		<!--
		Rules can be used as "utility filter" to provide any necessary logic required to build a configuration.
		They may reference other Rules, as well as Clients, Applications, Features or Products.
		-->
		<Rule name="IMU_AND_NOT_WINDBOT">
			<Logic expr="and">
				<Feature name="IMU" />
				<Logic expr="not">
					<Product name="WindBot" />
				</Logic>
			</Logic>
		</Rule>
	</Rules>

	<Devices>
		<!--
		Lists products and hardware capabilities.
		Any "feature" or "product" can be used in a filter
		-->
		<Features>
			<!-- "feature" represents a specific hardware capability -->
			<Feature name="Bluetooth" />
			<Feature name="ANT" />
			<Feature name="Precision Rover" />
			<Feature name="Precision Base" />
			<Feature name="IMU" />
			<Feature name="OLED" />
		</Features>

		<Products>
			<!--
			Lists the "products", including hardware features each contains.
			The full product name includes the default suffix, with is replaced
			by the suffix(es) specified by the features.
			-->

			<Product name="YachtBot" suffix="Standard">
<!--  				<Feature 	name="Precision" 	optional="yes" suffix="Precision" />	 -->			
				<FeatureList name="Bio" 		optional="yes" suffix="Bio">
					<Feature name="Bluetooth" 	optional="no"/>
					<Feature name="ANT" 		optional="no"/>
				</FeatureList>
				<Feature 	name="IMU" 			optional="yes" suffix="IMU" />
			</Product>

			<Product name="WindBot">
				<Feature name="Bluetooth" 	optional="yes" suffix="BT" />
				<Feature name="IMU" 		optional="no" />
			</Product>

			<Product name="TideBot">
				<Feature name="OLED" optional="no" />
			</Product>

		</Products>
	</Devices>

	<SectionList>
		<!--
		Each section is processed in order to build a section of the config.ini.
		The section name is used in a comment, and double carriage returns after as so;
			## section 1 name
			##
			entry 1
			entry 2

			## section 2 name##
			entry 1
		-->

		<!--
		"Filters" can be used in any Section, Entry, or EntryList
		"Options" can be used to say "do this instead", with a default
		"Expert" options only available in GUI if "Expert Mode" selected
		 - if "Hidden", will not appear in config.ini except in "Expert Mode"
		"User content" and "Values" can be interspersed and used as tokens in the output.
		-->

		<!-- Sections or entries without name atributes are invisible in the GUI -->
		<Section filter="WindBot" description="Windbot prerequisites">
			<Entry>uart baud 0 4800</Entry>
		</Section>

		<Section name="General">

			<Entry name="Power Mode">
				<OptionList name="Power" style="vertical">
					
					<Option name="Portable" default="true">
						<Entry>power portable</Entry>
					</Option>

					<Option name="UPS">
						<Entry>power ups</Entry>
					</Option>

					<Option name="Wired">
						<Entry name="Optional Delay (mins)">
							power delay
							<Value type="integer" default="0"/>
						</Entry>
					</Option>

				</OptionList>
			</Entry>

			<Comment/>
			<Comment>
				Debug logging. Use if suggested by Igtimi staff.
			</Comment>

			<Comment/>
			<Entry name="Cell Debugging" description="Cell Debugging">
				log debug cell
				<OptionList style="horizontal">
					<Option value="on"/>
					<Option value="off" default="true"/>
				</OptionList>
			</Entry>

			<Entry name="Bluetooth Debugging" filter="Bluetooth" description="Bluetooth Debugging">
				log debug bluetooth
				<OptionList style="horizontal">
					<Option value="on"/>
					<Option value="off" default="true"/>
				</OptionList>
			</Entry>

			<Entry name="GPS Debugging" description="GPS Debugging">
				log debug gps
				<OptionList style="horizontal">
					<Option value="on"/>
					<Option value="off" default="true"/>
				</OptionList>
			</Entry>

		</Section>

		<Section filter="WindBot" name="Sensor Logging">
			<!-- All devices should log payloads -->
			<Entry>logfile payloads on</Entry>

			<Entry name="GPS Log" description="GPS logging">
				logfile gps
				<OptionList style="horizontal">
					<Option value="on"/>
					<Option value="off" default="true"/>
				</OptionList>
			</Entry>

			<Entry filter="WindBot" name="NMEA Log" description="NMEA logging">
				logfile nmea
				<OptionList style="horizontal">
					<Option value="on"/>
					<Option value="off" default="true"/>
				</OptionList>
			</Entry>

			<Entry filter="WindBot" name="Wind Log" description="Wind logging">
				logfile wind
				<OptionList style="horizontal">
					<Option value="on"/>
					<Option value="off" default="true"/>
				</OptionList>
			</Entry>

			<Entry filter="IMU" name="IMU Log" description="IMU logging">
				logfile imu
				<OptionList style="horizontal">
					<Option value="on"/>
					<Option value="off" default="true"/>
				</OptionList>
			</Entry>

		</Section>

		<Section filter="YachtBot" name="Sensor Logging">
			<!-- All devices should log payloads -->
			<Entry>logfile payloads on</Entry>

			<Entry name="GPS Log" description="GPS logging">
				logfile gps
				<OptionList style="horizontal">
					<Option value="on"/>
					<Option value="off" default="true"/>
				</OptionList>
			</Entry>

			<Entry filter="IMU" name="IMU Log" description="IMU logging">
				logfile imu
				<OptionList style="horizontal">
					<Option value="on" default="true"/>
					<Option value="off"/>
				</OptionList>
			</Entry>

		</Section>

		<Section description="System settings">
			<Entry>alert volume 0.01</Entry>
			<Entry>audio volume 1.0</Entry>
			<Entry>battery shutdown 3.3</Entry>
			<Entry>file cull 100</Entry>
			<Entry target="WindBot">monitor on</Entry>
		</Section>

		<Section name="Cloud Synchronisation" description="Data file Synchronisation">
			<!--<comment>Sync is on by default, 'SYNC FILES CLEAR' will disable</comment>-->
			<Comment>
				Cloud sync is used to control syncing of recorded data to the cloud
				Leave sync enabled to ensure all data is reliably recorded.  For more information,
				please read the help pages  http://www.yacht-bot.com/help/sync
			</Comment>
			<Entry name="Disable" enabled="false">
				sync files clear
			</Entry>
		</Section>

		<Section name="GPS">
<!-- 
			<Entry name="GSV messages" description="Enables gsv">
				gps gsv
				<OptionList style="horizontal">
					<Option  	value="on"/>
					<Option default="true"	value="off"/>
				</OptionList>
			</Entry>

			<Entry name="GSA messages" description="Enables gsa">
				gps gsa
				<OptionList style="horizontal">
					<Option value="on"/>
					<Option default="true"	value="off"/>
				</OptionList>
			</Entry>
 -->
			<Entry name="GPS update rate">
				gps rate
				<Value type="integer" min="1" max="10" default="2"/>
				<!--<warning text="Invalid settings may cause device to not run"/>-->
			</Entry>
			<Entry name="Enabled" description="Enables the GPS">
				gps
				<OptionList style="horizontal">
					<Option default="true" 	value="on"/>
					<Option 				value="off"/>
				</OptionList>
			</Entry>
		</Section>

		<Section name="CELL" description="Cellular connectivity settings">		
			<Entry name="APN Settings">
				<OptionList style="vertical">
					<Option name="Auto APN" default="true">
						<Entry>cell apn auto</Entry>
					</Option>
					<Option name="Custom APN">
						<Entry name="APN">
							cell apn set
							<Value type="string" default="internet"/>
						</Entry>
						<Entry name="Username" enabled="false" description="Carrier username">
							cell user
							<Value type="string" default="web"/>
						</Entry>
						<Entry name="Password" enabled="false" description="Carrier password">
							cell pass
							<Value type="string" default="web" />
						</Entry>
					</Option>
				</OptionList>
			</Entry>
			<Comment>
				Force cell operation to use 2G or 3G. Will auto select by default
			</Comment>
			<Entry name="Service Settings">
				cell service
				<OptionList style="vertical">
					<Option name="Auto" value="all" default="true"/>
					<Option name="2G" value="2G"/>
					<Option name="3G" value="3G"/>
				</OptionList>
			</Entry>
			<Entry name="Enabled" description="Enables cellular connectivity">
				cell
				<OptionList style="horizontal">
					<Option value="on" default="true" />
					<Option value="off" />
				</OptionList>
			</Entry>
		</Section>

		<Section filter="ANT" name="ANT">
			<Comment>
				Presently ANT is only configurable up to 4 channels via this config tool, and latching is NOT enabled. If you required these features please keep using your existing config.
			</Comment>
			<Entry name="Channel 1">
				<OptionList style="vertical">
					<Option name="disabled" value="" default="true" />
					<Option name="hrm" value="ant pair 0 0 hrm" />
					<Option name="bc" value="ant pair 0 0 bc" />
					<Option name="cbsc" value="ant pair 0 0 cbsc" />
				</OptionList>
			</Entry>
			<Entry name="Channel 2">
				<OptionList style="vertical">
					<Option name="disabled " value="" default="true" />
					<Option name="hrm " value="ant pair 1 0 hrm" />
					<Option name="bc " value="ant pair 1 0 bc" />
					<Option name="cbsc " value="ant pair 1 0 cbsc" />
				</OptionList>
			</Entry>
			<Entry name="Channel 3">
				<OptionList style="vertical">
					<Option name="disabled  " value="" default="true" />
					<Option name="hrm  " value="ant pair 2 0 hrm" />
					<Option name="bc  " value="ant pair 2 0 bc" />
					<Option name="cbsc  " value="ant pair 2 0 cbsc" />
				</OptionList>
			</Entry>
			<Entry name="Channel 4">
				<OptionList style="vertical">
					<Option name="disabled   " value="" default="true" />
					<Option name="hrm   " value="ant pair 3 0 hrm" />
					<Option name="bc   " value="ant pair 3 0 bc" />
					<Option name="cbsc   " value="ant pair 3 0 cbsc" />
				</OptionList>
			</Entry>
			<Entry name="Enabled" description="Enable ANT">
				ant
				<OptionList style="horizontal">
					<Option value="on" default="true" />
					<Option value="off" />
				</OptionList>
			</Entry>
		</Section>

		<Section filter="IMU" name="IMU">
			<Entry name="IMU update rate">
				imu rate
				<Value type="integer" min="1" max="100" default="4"/>
			</Entry>
			<Entry filter="YachtBot" name="IMU axis">
				imu axis
				<OptionList style="vertical">
					<Option default="true" 	name="DECK" 		value="DECK"/>
					<Option 				name="BOW" 			value="BOW"/>
					<Option 				name="STERN" 		value="STERN"/>
					<Option 				name="PORT" 		value="PORT"/>
					<Option 				name="STARBOARD" 	value="STARBOARD"/>
					<Option 				name="UNITY" 		value="UNITY"/>
				</OptionList>
			</Entry>
			<Entry filter="WindBot">imu axes bow</Entry>
			
			<Entry filter="WindBot">imu message euler 1 log</Entry>
			
			<Entry filter="YachtBot" name="EULER" description="euler messages">
				<OptionList style="horizontal">
					<Option value="imu message euler 1 log" default="true"/>
					<Option value=""/>
				</OptionList>
			</Entry>

			<Entry name="QUATERNION" description="QUATERNION messages">
				<OptionList style="horizontal">
					<Option value="imu message QUATERNION 1 log"/>
					<Option value="" default="true"/>
				</OptionList>
			</Entry>

			<Entry name="GYRO" description="GYRO messages">
				<OptionList style="horizontal">
					<Option value="imu message GYRO 1 log"/>
					<Option value="" default="true"/>
				</OptionList>
			</Entry>

		
			<Entry name="LINEAR ACC " description="LINEAR messages">
				<OptionList style="horizontal">
					<Option value="imu message LINEAR 1 log"/>
					<Option value="" default="true"/>
				</OptionList>
			</Entry>

			<Entry name="LINEAR ACC (G)" description="LINEARG messages">
				<OptionList style="horizontal">
					<Option value="imu message LINEARG 1 log"/>
					<Option value="" default="true"/>
				</OptionList>
			</Entry>

			<Entry name="Enabled" description="Enable IMU">
				imu
				<OptionList style="horizontal">
					<Option value="on" default="true" />
					<Option value="off" />
				</OptionList>
			</Entry>
		</Section>

		<Section filter="WindBot" description="Wind (NMEA in)">
			<Entry>wind on</Entry>
		</Section>

		<Section filter="WindBot" name="NMEA Out" description="NMEA Output">
			<Comment/>
			<Comment> 
				 WARNING: EDITING THIS SECTION MAY CAUSE CERTAIN FEATURES OF DISPLAYS
				 (INCLUDING THE WindBot APP) TO NOT FUNCTION AS EXPECTED
			</Comment>
			<Comment/>
			<Comment> 
				Position and Time messages
			</Comment>
			<Entry name="RMC" description="Enable RMC messages">
				nmea rmc
				<OptionList style="horizontal">
					<Option value="on"/>
					<Option default="true" value="off"/>
				</OptionList>
			</Entry>
			<Entry name="GGA" description="Enable GGA messages">
				nmea gga
				<OptionList style="horizontal">
					<Option default="true" value="on"/>
					<Option value="off"/>
				</OptionList>
			</Entry>
			<Entry name="ZDA" description="Enable ZDA messages">
				nmea zda
				<OptionList style="horizontal">
					<Option default="true" value="on"/>
					<Option value="off"/>
				</OptionList>
			</Entry>
			<Comment> 
				AW (AWS/AWA); MWVA = Relative, MWVT = Theoretical (See 'NAV' section)
			</Comment>
			<Entry name="MWVA" description="Enable MWVA messages">
				nmea mwva
				<OptionList style="horizontal">
					<Option value="on"/>
					<Option default="true" value="off"/>
				</OptionList>
			</Entry>
			<Entry name="MWVT" description="Enable MWVT messages">
				nmea mwvt
				<OptionList style="horizontal">
					<Option value="on"/>
					<Option default="true" value="off"/>
				</OptionList>
			</Entry>
			<Comment> 
				TW (TWS/TWD); See 'NAV' section
			</Comment>
			<Entry name="MWD" description="Enable MWD messages">
				nmea mwd
				<OptionList style="horizontal">
					<Option default="true" value="on"/>
					<Option value="off"/>
				</OptionList>
			</Entry>
			<Comment> 
				COG/SOG
			</Comment>
			<Entry name="VTG" description="Enable VTG messages">
				nmea vtg
				<OptionList style="horizontal">
					<Option default="true" value="on"/>
					<Option value="off"/>
				</OptionList>
			</Entry>
			<Comment> 
				Magnetic heading 
			</Comment>
			<Entry name="HDGM" description="Enable HDGM messages">
				nmea hdgm
				<OptionList style="horizontal">
					<Option default="true" value="on"/>
					<Option value="off"/>
				</OptionList>
			</Entry>
			<Comment>
				Current Set and Drift; See 'Water Current' section
			</Comment>
			<Entry name="VDR" description="Enable VDR messages">
				nmea vdr
				<OptionList style="horizontal">
					<Option default="true" value="on"/>
					<Option value="off"/>
				</OptionList>
			</Entry>
			<Comment> 
				Waypoints; used for 'Water Current' events
			</Comment>
			<Entry name="WPL" description="Enable WPL messages">
				nmea wpl
				<OptionList style="horizontal">
					<Option default="true" value="on"/>
					<Option value="off"/>
				</OptionList>
			</Entry>
			<Entry name="IMU" description="Enable IMU messages">
				nmea imu
				<OptionList style="horizontal">
					<Option default="true" value="on"/>
					<Option value="off"/>
				</OptionList>
			</Entry>
			<Entry name="HRM" description="Enable Heart Rate messages">
				nmea hrm
				<OptionList style="horizontal">
					<Option default="true" value="on"/>
					<Option value="off"/>
				</OptionList>
			</Entry>
			<Comment> 
				 Battery and (dis)charge status message with interval (s);
				 $INBAT,voltage,current,min voltage, max voltage, battery %, charge source, runtime remaining (hours)
			</Comment>
			<Entry name="BAT" description="Enable BAT messages">
				nmea bat
				<OptionList style="horizontal">
					<Option default="true" value="on">
						<Value type="integer" default="5"/>
					</Option>
					<Option value="off"/>
				</OptionList>
			</Entry>

			<Entry filter="Bluetooth" name="Output Location" description="Location to output the NMEA messages">	
				nmea out	
				<OptionList name="output" style="vertical">
					<Option name="Serial" value="serial"/>
					<Option name="Bluetooth" value="bluetooth" default="true"/>
					<Option name="Serial + Bluetooth" value="both"/>		
				</OptionList>
			</Entry>

			<Entry name="Enabled" description="Enable NMEA messages">
				nmea
				<OptionList style="horizontal">
					<Option default="true" value="on"/>
					<Option value="off"/>
				</OptionList>
			</Entry>
		</Section>

		<Section filter="WindBot" name="NAV" description="NAV Computer settings">
			<Entry name="Declination Settings" description="Declination Settings">
				<OptionList>
					<Option name="Auto" default="true">
						<Entry>nav declination auto</Entry>
					</Option>
					<Option name="Custom">
						<Entry name="Declination">
							nav declination
							<Value type="integer" default="0"/>
						</Entry>
					</Option>
				</OptionList>
			</Entry>
			<Entry name="Enabled" description="Enable NAV computer">
				nav
				<OptionList style="horizontal">
					<Option default="true" value="on"/>
					<Option value="off"/>
				</OptionList>
			</Entry>
		</Section>

		<Section filter="TideBot" name="Water Current" description="Water Current measurement">
			<Entry name="Measurement logging">
				WCT LOG
				<OptionList style="vertical">
					<Option default="true" name="Current" value="BRIEF" />
					<Option name="Current + GPS readings" value="FULL" />
				</OptionList>
			</Entry>
			<Entry name="Direction convention">
				WCT CONVENTION
				<OptionList name="something" style="vertical">
					<Option default="true" name="To"  value="TO" />
					<Option name="From" value="FROM" />
				</OptionList>
				<OptionList name="something" style="vertical">
					<Option default="true"  name="Magnetic North" value="MAGNETIC" />
					<Option name="True North" value="TRUE" />
				</OptionList>
			</Entry>
			<Entry name="Reporting Units">
				WCT UNITS
				<OptionList style="vertical">
					<Option default="true" name="Meters per second (m/s)" value="m/s" />
					<Option name="Knots (kt)" value="kt" />
					<Option name="BoatLengths per second" value="BOATLENGTH">
						<Entry name="BoatLength" description="Boatlength in meters">
							<Value type="string" default="2" />
						</Entry>
					</Option>
				</OptionList>
			</Entry>
			<Entry name="Measurement Timers" description="Delay timers to account for boat wash (seconds)">
				WCT TIMERS
				<!--
				<EntryList style="vertical">
					<Entry name="Start delay">
						<Value type="string" default="10" />
					</Entry>
					<Entry name="End delay">
						<Value type="string" default="10" />
					</Entry>
				</EntryList>-->
				<Value name="Start delay" description="somestuff" type="string" default="10" />
				<Value name="End delay" type="string" default="10" />
			</Entry>
			<Entry name="Minimum measurement time" description="Minimum time for measurements (seconds)">
				WCT MINTIME
					<Value type="string" default="10" />
			</Entry>
			<Entry name="Minimum measurement distance" description="Minimum distance for measurements (meters)">
				WCT MINDIST
					<Value type="string" default="10" />
			</Entry>
			<Entry>WCT ON</Entry>
		</Section>


		<Section filter="Bluetooth" name="Bluetooth">
			<Entry filter="WindBot" name="E-Ink Display" enabled="true" description="Using E-Ink Display">
				bt auth display
			</Entry>	
			<Entry filter="YachtBot" name="Audio Loopback" enabled="true" description="Enable loopback">
				<OptionList style="horizontal">
					<Option default="true" value="bt-hfp loopback on link mono"/>
					<Option value="off"/>
				</OptionList>
			</Entry>
			<Entry name="Enabled" description="Enable Bluetooth">
				bt
				<OptionList style="horizontal">
					<Option default="true" value="on"/>
					<Option value="off"/>
				</OptionList>
			</Entry>
		</Section>

		<Section name="Export">
			<Comment>
				Plug in your YachtBot and click export to save the config file.
			</Comment>
		</Section>
	
	</SectionList>

</Configuration>